"SampleID","Accession.NRM","Included.final.analysis","ENA.sample.accession","Spec.genus","Spec.species","Spec.museum","Spec.Period","Spec.coll.year","Spec.coll.year.type","Spec.coll.year.comments","Spec.sex","Spec.age.years","Spec.nation","Spec.county","Spec.municipality","Spec.known.locality","Spec.locality","Spec.parish","Spec.longitude","Spec.latitude","Spec.hist.pop.per.sqkm","Spec.HumanFootprint.mean","Sample.type","Sampling.date","Sampling.batch","Ext.label","Ext.date","Ext.batch","Ext.mass.mg","Ext.Qubit","LP.ID","LP.date","LP.batch","LP.qPCR.copies.ul","LP.BC.P5.seq","LP.BC.P7.seq","IN.date","IN.batch","IN.startDNA.ul","IN.cycles","IN.elu.ul","IN.protocol","IN.P5.seq.revcomp","IN.P7.seq","IN.BC","IN.qPCR.copies.ul","Seq.copies.in.pool","Reads.n.raw","Reads.n.postproc","Reads.n.nonhost","Reads.n.host","Reads.n.human","Reads.prop.host","Reads.prop.human","st.calculus","st.plaque","st.skin","st.gut","st.labcontam","st.soil","st.unknown","st.sum.oral","st.sum.nonoral","Reads.n.Bracken.total","Reads.n.oral.bacteria","DNA.fragment.length.median.oral","Total.AMR.load","Total.AMR.prop","ARG.num"
"Ua068","580044",TRUE,"ERS6955103","Ursus","arctos","NRM","1950.70",1960,"year_died","","Male","unknown","Sweden","Gavleborg","Nordanstig",TRUE,NA,NA,62.056848,16.883237,8.67362735313687,5.64853556485356,"Bear","06.08.2017","2017.08","13-B68","12/10/2018","13","6","9.83",116,"22/11/2018","9",54800000,"AACGCTA","GCCAATG","09/12/2018","4",18,10,15,"opt buffer","CATCGAG","CTTGCGG","15-6_7-7",1.79e+10,2.68e+10,72720000,14970869,14870323,75169,587,0.005,0,0.114536987738478,0.192238926099766,0.249377675123744,0.00233553995915201,0.0873756481767495,0.0645922487092124,0.289542974192898,0.306775913838244,0.403681111968858,1866761,701630,70,44,6.27111155452304e-05,7
"Ua011","700085",TRUE,"ERS6955104","Ursus","arctos","NRM","1950.70",1970,"year_died","","Male","unknown","Sweden","Jamtland","Bracke",TRUE,"Östbodarna","Bräcke",62.731224,15.319401,4.58586392773258,4.94616977225673,"Bear","15.08.2017","2017.08","6-B11","28/03/2018","6","11","30.60",NA,"25/04/2018","4",2e+06,"TAGCACG","TAGCACG","06/12/2018","3",18,10,15,"buffer fine","TGCAGAG","ACCAACG","11-11_2-2",1.02e+09,1.52e+09,3860768,784237,772133,10123,187,0.0129,2e-04,0.209721747895623,0.272367717266569,0.0159065898361281,0.00498341993560304,0.0659810494319755,0.0786438691479645,0.352395606486136,0.482089465162192,0.165514928351671,121959,53762,92,8,0.000148803987946877,6
"Ua012","583087",TRUE,"ERS6955105","Ursus","arctos","NRM","pre1950",1915,"year_found_dead","","Male","unknown","Sweden","Vasterbotten","Dorotea",TRUE,"Avaträsk","Dorotea",64.339508,16.283817,1.32990966156427,2.4701030927835,"Bear","06.08.2017","2017.08","6-B12","28/03/2018","6","11","1.99",NA,"25/04/2018","4",754000,"ACTGCGT","ACTGCGT","03/12/2018","1",18,10,15,"buffer fine","TTGATCC","CCAGGTT","12-12_4-4",1.01e+09,1.51e+09,8907068,1796501,1795307,428,185,2e-04,1e-04,0.273939164510068,4.81e-06,0.0592532188130131,0.00718439985823401,0.014166939701091,0.455192460952473,0.190259006165121,0.273943974510068,0.535797019324811,115748,28755,66,0,0,0
"Ua021","587706",TRUE,"ERS6955106","Ursus","arctos","NRM","1950.70",1967,"year_died","","Male","unknown","Sweden","Jamtland","Stromsund",TRUE,"Gäddede, Gussvattnet","Frostviken",64.447357,14.316551,0.435573839592847,2.22406639004149,"Bear","15.08.2017","2017.08","8-B21","19/09/2018","8","7","3.58",38,"01/11/2018","6",26800000,"GGTATCG","GTCATAC","06/12/2018","3",18,10,15,"opt buffer","ATCTTGC","CCGTTAG","13-10_5-5",1.14e+10,1.71e+10,39414024,7828537,7767516,28696,2797,0.0037,4e-04,0.17439568822625,0.13179874871642,0.0218126798029691,0.00692007995434602,0.0705800292532082,0.15644192839108,0.438050845655726,0.30619443694267,0.255754717401603,817151,221375,82,30,0.000135516657255788,5
"Ua022","582938",TRUE,"ERS6955107","Ursus","arctos","NRM","pre1950",1943,"year_died","","Male","unknown","Sweden","Norrbotten","Arjeplog",FALSE,NA,NA,67,21,0.252867310899644,NA,"Bear","06.08.2017","2017.08","8-B22","19/09/2018","8","0","1.77",39,"01/11/2018","6",64400000,"TTACAGT","TAGCACG","06/12/2018","3",18,10,15,"opt buffer","ATCTTGC","CCGTTAG","14-11_5-5",2.28e+10,3.43e+10,111869996,22464879,22047356,169354,7659,0.0075,3e-04,0.179653028163295,0,0.418713055857562,9.611e-05,0.166822048318996,0.0505598494963711,0.184155908163776,0.179653028163295,0.636191063672929,3972802,678801,70,24,3.53564594041553e-05,5
"Ua023","580029",TRUE,"ERS6955108","Ursus","arctos","NRM","pre1950",1943,"year_arrived_at_museum","","unknown","unknown","Sweden","Vasterbotten","Storuman",TRUE,"Stensele","Stensele",65.066685,17.156439,1.68045182312575,6.50517598343685,"Bear","06.08.2017","2017.08","8-B23","19/09/2018","8","7","1.37",40,"01/11/2018","6",1.77e+08,"AACGCTA","ACTGCGT","06/12/2018","3",18,10,15,"opt buffer","ATCTTGC","CCGTTAG","15-12_5-5",3.03e+10,4.55e+10,143684264,28521822,28402554,62120,2011,0.0022,1e-04,0.439045637609691,0.0394540815426012,0.189658327506368,0.00529096020135303,0.0334422513561442,0.0701619328160884,0.222946808967754,0.478499719152292,0.298553471879954,3918046,1776533,75,64,3.60252244118179e-05,6
"Ua024","583102",TRUE,"ERS6955109","Ursus","arctos","NRM","pre1950",1864,"year_died","","unknown","unknown","Sweden","Dalarna","Dalarna_unknown",FALSE,"Dalarna",NA,60.6,14.5,5.32888385643413,NA,"Bear","06.08.2017","2017.08","8-B24","19/09/2018","8","7","12.6",41,"01/11/2018","6",3.87e+09,"CAATTGC","ATCGATT","05/12/2018","2",18,8,15,"opt buffer","TGCAGAG","ACCAACG","5-1_2-2",1.87e+10,2.81e+10,72789168,15070796,14905981,47166,1088,0.0031,1e-04,0.488903840039407,0.0515305900192222,0.0410687599735682,0.0141909700052871,0.0592628200163382,0.0990340900211444,0.246008929925033,0.540434430058629,0.213556640016338,2112467,1045851,80,116,0.000110914461046554,8
"Ua034","825068",TRUE,"ERS6955110","Ursus","arctos","NRM","1970.85",1982,"year_died","","Female","10","Sweden","Jamtland","Harjedalen",TRUE,"Förikalven","Sveg",62.075573,13.81827,2.7338983258951,2.81419624217119,"Bear","29.08.2018","2018.08","9-B34","21/09/2018","9","9","8.28",78,"21/11/2018","8",1.12e+08,"GCTAGCC","ACTGCGT","06/12/2018","3",18,10,15,"opt buffer","TCTCCAT","CGCCTCT","3-12_6-6",2.11e+10,3.17e+10,84630048,16473912,16430735,25128,844,0.0015,1e-04,0.32105339309818,0.0639194607246855,0.119520391206209,0.00290740002739002,0.0960882209726557,0.157979741539239,0.238531392431641,0.384972853822866,0.376495753745494,2476926,765280,84,90,0.000117604014217019,5
"Ua036","582816",TRUE,"ERS6955111","Ursus","arctos","NRM","pre1950",1943,"year_died","","unknown","unknown","Sweden","Jamtland","Harjedalen",TRUE,"Hede","Hede",62.418539,13.511896,1.06966496756966,2.61041666666667,"Bear","06.08.2017","2017.08","10-B36","27/09/2018","10","1","3.89",21,"17/10/2018","5",8.41e+08,"CGATGTA","TGGCCAT","06/12/2018","3",18,10,15,"opt buffer","ATCTTGC","CCGTTAG","9-7_5-5",1.08e+11,1.63e+11,323213144,64838674,63591272,1073027,935,0.0165,0,0.491561340174926,0.0812148583362963,0.00621846987601402,0.0129799697174301,0.0236388095343361,0.136450567288193,0.247935985072805,0.572776198511222,0.179287816415973,6007006,2513007,72,156,6.20770256509433e-05,7
"Ua038","583123",TRUE,"ERS6955112","Ursus","arctos","NRM","pre1950",NA,NA,"individual died before 1930 based on name of person who collected and donated the specimen","Female","unknown","Sweden","Norrbotten","Norrbotten_unknown",FALSE,"Lule Lappmark",NA,67,21.5,0.613627644516332,NA,"Bear","06.08.2017","2017.08","10-B38","27/09/2018","10","1","0.536",70,"09/11/2018","7",60400000,"GTCATAC","TGACTGG","06/12/2018","3",18,10,15,"opt buffer","CCTGCGA","AATCTTC","10-4_1-1",2.08e+10,3.12e+10,78274032,15240300,12475074,2085400,2096,0.1368,1e-04,0.0517612699875051,0,0.497328080049499,4.81e-06,0.14885866000913,0.175058859981738,0.126988319972127,0.0517612699875051,0.821250410040367,6074308,348098,70,9,2.58547880194658e-05,3
"Ua040","825044",TRUE,"ERS6955113","Ursus","arctos","NRM","1970.85",1982,"year_found_dead","found as carcass and estimated to have died the same year","unknown","unknown","Sweden","Norrbotten","Gallivare",TRUE,"Rautojaure","Gällivare",67.416634,20.015686,0.6469804784536,1.72442588726514,"Bear","29.08.2018","2018.08","10-B40","27/09/2018","10","1","0.68",72,"09/11/2018","7",93500000,"ACTGCGT","GCCAATG","06/12/2018","3",18,10,15,"opt buffer","CCTGCGA","AATCTTC","12-6_1-1",1.83e+10,2.75e+10,93998584,18025998,17738936,216021,3096,0.012,2e-04,0.253952617616416,1.44200014420001e-05,0.0210581806463541,0.00703541023595502,0.0232207106823961,0,0.694718660817437,0.253967037617858,0.0513143015647052,1718324,398535,93,12,3.01102788964583e-05,7
"Ua043","585455",TRUE,"ERS6955114","Ursus","arctos","NRM","1950.70",1964,"year_found_dead","found as carcass and estimated to have died the same year","Male","unknown","Sweden","Jamtland","Harjedalen",TRUE,"Linsäll 30 km NW,Lillhärdal","Linsell",62.161504,13.88389,0.899598657419799,3.03757828810021,"Bear","06.08.2017","2017.08","10-B43","27/09/2018","10","4","1.43",82,"21/11/2018","8",78600000,"ATTGGCA","ATCGATT","06/12/2018","3",18,10,15,"opt buffer","TCTCCAT","CGCCTCT","8-1_6-6",5.57e+10,8.35e+10,246742484,48142262,48096209,29114,951,6e-04,0,0.76563985470566,0.0288865394310142,0.0125090097803841,0.00165312997116501,0.00913065976164106,0.0133019397501071,0.168878866600029,0.794526394136674,0.0365947392632973,12347087,8480762,75,413,4.86984542190902e-05,6
"Ua044","775051",TRUE,"ERS6955115","Ursus","arctos","NRM","1970.85",1977,"year_died","","Male","unknown","Sweden","Norrbotten","Overtornea",TRUE,"Lampisenpää","Övertorneå",66.594521,23.861753,1.94074971021915,5.79035639412998,"Bear","29.08.2018","2018.08","10-B44","27/09/2018","10","2","1.47",83,"21/11/2018","8",18200000,"CGATGTA","CAGTCAA","06/12/2018","3",18,10,15,"opt buffer","TCTCCAT","CGCCTCT","9-2_6-6",7.45e+09,1.12e+10,40536628,7633188,7626333,3302,319,4e-04,0,0.0246095487678402,0.513897824261619,0.00898649953721906,0,0.0137776893276941,0.00610793963285004,0.432620498472778,0.538507373029459,0.0288721284977632,1352701,727238,92,110,0.000151257222532376,3
"Ua045","775079",TRUE,"ERS6955116","Ursus","arctos","NRM","1970.85",1977,"year_died","","Female","unknown","Sweden","Jamtland","Stromsund",TRUE,"Lövviksberget","Tåsjö",64.115957,16.203542,2.50105370817835,4.11801242236025,"Bear","29.08.2018","2018.08","11-B45","03/10/2018","11","1","0.221",88,"21/11/2018","8",6940000,"TTACAGT","TGGCCAT","06/12/2018","3",18,10,15,"opt buffer","TCTCCAT","CGCCTCT","14-7_6-6",3.66e+09,5.49e+09,21047992,4064357,4029651,13574,577,0.0033,1e-04,0.429645828617427,0.160296033148156,0.0140179702604631,0.00421931008794203,0.0186602003955011,0.175294353599885,0.197866303890626,0.589941861765583,0.212191834343791,447581,188898,73,16,8.47017967368633e-05,6
"Ua046","580010",TRUE,"ERS6955117","Ursus","arctos","NRM","pre1950",1940,"year_died","","unknown","unknown","Sweden","Norrbotten","Jokkmokk",TRUE,"Murjek","Jokkmokk",66.482262,20.881413,0.380710979944947,3.32075471698113,"Bear","06.08.2017","2017.08","11-B46","03/10/2018","11","7","13.6",89,"21/11/2018","8",6480000,"AACGCTA","ATTGGCA","06/12/2018","3",18,10,15,"opt buffer","TCTCCAT","CGCCTCT","15-8_6-6",7.99e+08,1.2e+09,4756648,947539,946758,390,29,4e-04,0,0.00896247010908703,0.472074584757077,0.0396078503748371,0,0.0601326305982982,0.0795953708313712,0.339627093329329,0.481037054866164,0.179335851804507,160323,71848,80,7,9.74279033515199e-05,2
"Ua049","825100",TRUE,"ERS6955118","Ursus","arctos","NRM","1970.85",1982,"year_died","","Male","unknown","Sweden","Jamtland","Krokom",TRUE,"Norra Skärvången","Föllinge",63.812294,14.381837,1.43637711965926,2.75103734439834,"Bear","29.08.2018","2018.08","11-B49","03/10/2018","11","2","6.91",92,"21/11/2018","8",8.28e+08,"GCTAGCC","TAGCACG","06/12/2018","3",18,10,15,"opt buffer","TCTCCAT","CGCCTCT","3-11_6-6",4.13e+10,6.19e+10,112718748,20619299,11830818,4696502,4550,0.2278,2e-04,0.0410351307842752,0.0289778405709062,0.140275852983805,0,0.222278814411072,0.206021424004036,0.361410937245905,0.0700129713551814,0.568576091398913,3377525,341332,83,48,0.000140625549318552,6
"Ua050","587466",TRUE,"ERS6955119","Ursus","arctos","NRM","1950.70",1962,"year_died","","unknown","unknown","Sweden","Jamtland","Berg",TRUE,"Svenstavik","Berg",62.767474,14.436893,4.68420063566617,5.89770354906054,"Bear","06.08.2017","2017.08","11-B50","03/10/2018","11","4","5.69",93,"21/11/2018","8",2.72e+08,"TGACTGG","ACTGCGT","06/12/2018","3",18,10,15,"opt buffer","TCTCCAT","CGCCTCT","4-12_6-6",1.81e+10,2.72e+10,122658552,24246535,23107733,848426,1479,0.035,1e-04,0.702085626028164,0.0415685491551732,0.00956796979095604,0.0317843393488381,0.0153971896852311,0.0537267588894222,0.145869567102216,0.743654175183337,0.110476257714447,3124229,1883579,72,90,4.77813778981397e-05,6
"Ua052","583107",TRUE,"ERS6955120","Ursus","arctos","NRM","pre1950",1864,"year_died","","unknown","unknown","Sweden","Dalarna","Dalarna_unknown",FALSE,"Dalarna",NA,60.6,15,5.32888385643413,NA,"Bear","06.08.2017","2017.08","11-B52","03/10/2018","11","1","0.663",95,"21/11/2018","8",47600000,"GCCAATG","TTACAGT","06/12/2018","3",18,10,15,"opt buffer","TCTCCAT","CGCCTCT","6-14_6-6",2.16e+10,3.25e+10,78184336,15475546,15444722,14125,846,9e-04,1e-04,0.413494161759817,0.0454082390600212,0.0222595995511551,0.00880388982171104,0.11251381773127,0.131765087348745,0.265755204727281,0.458902400819838,0.275342394452881,1542217,569722,67,22,3.86153246671183e-05,5
"Ua057","915133",TRUE,"ERS6955121","Ursus","arctos","NRM","1985.00",1991,"year_died","","Male","19","Sweden","Jamtland","Harjedalen",TRUE,"Lillhärdal, Olingskog, 15km W","Lillhärdal",61.676166,14.006544,0.412109011320414,1.16492693110647,"Bear","30.08.2018","2018.08","12-B57","11/10/2018","12","4","2.46",156,"26/11/2018","10",1.37e+08,"TGACTGG","ATTGGCA","09/12/2018","4",18,10,15,"opt buffer","TTCGAGC","GGCGGAG","4-8_8-8",5.69e+10,8.53e+10,162036312,32222022,31858351,118700,1187,0.0037,0,0.143380289899563,0.288644330049019,0.00712670998654404,0.000134559986544001,0.0264308700456522,0.126954680039405,0.407328559993273,0.432024619948582,0.160646820058145,3473131,1229780,84,95,7.7249589357446e-05,6
"Ua060","583116",TRUE,"ERS6955122","Ursus","arctos","NRM","pre1950",NA,NA,"individual died before 1930 based on name of person who collected and donated the specimen","unknown","unknown","Sweden","Norrbotten","Norrbotten_unknown",FALSE,"Lule Lappmark",NA,67,22,0.613627644516332,NA,"Bear","06.08.2017","2017.08","12-B60","11/10/2018","12","5","0.745",159,"26/11/2018","10",11200000,"TGGCCAT","TAGCACG","09/12/2018","4",18,10,15,"opt buffer","TTCGAGC","GGCGGAG","7-11_8-8",2.18e+10,3.27e+10,49406156,9778327,9698785,53265,1931,0.0054,2e-04,0.123576350042769,0.132346569973089,0.231885259971167,0.00030756,0.0569609200172992,0.0554279399678012,0.399495400027875,0.255922920015858,0.344581679956267,1708656,505228,83,46,9.10480020901454e-05,6
"Ua062","825009",TRUE,"ERS6955123","Ursus","arctos","NRM","1970.85",1981,"year_died","","Female","unknown","Sweden","Norrbotten","Jokkmokk",TRUE,"Kåbdalis, 5 km South of","Jokkmokk",66.15313,19.998857,0.229577299875046,3.61954261954262,"Bear","29.08.2018","2018.08","12-B62","11/10/2018","12","16","13.7",161,"26/11/2018","10",1.21e+08,"CGATGTA","GGTATCG","09/12/2018","4",18,10,15,"opt buffer","TTCGAGC","GGCGGAG","9-13_8-8",1.98e+10,2.97e+10,60399860,12318783,12131240,79424,5407,0.0064,4e-04,0.299346436055555,0.120928462413858,0.0099860601552211,0.00372434007256304,0.147633232928059,0.131947722591666,0.286433745783077,0.420274898469413,0.293291355747509,1304552,446490,69,48,0.000107505207283478,7
"Ua064","700042",TRUE,"ERS6955124","Ursus","arctos","NRM","1950.70",1970,"year_died","","Male","unknown","Sweden","Jamtland","Stromsund",TRUE,"Risede, 3 km NW (Klumpdalen)","Ström",64.396431,15.134245,2.41486518404011,2.16839916839917,"Bear","15.08.2017","2017.08","12-B64","11/10/2018","12","1","0.182",163,"26/11/2018","10",7050000,"TAGCACG","AACGCTA","09/12/2018","4",18,10,15,"opt buffer","TTCGAGC","GGCGGAG","11-15_8-8",4.58e+09,6.88e+09,16992640,3300683,3108101,67869,391,0.0206,1e-04,0.0776971531471955,0.0122110604022291,0.557528002174061,0,0.0369455315651872,0.0357105115128062,0.279907741198521,0.0899082135494246,0.630184045252054,673337,98651,69,14,0.000141914425601362,6
"Ua067","805093",TRUE,"ERS6955125","Ursus","arctos","NRM","1970.85",1980,"year_found_dead","found as carcass and estimated to have died the same year","unknown","unknown","Sweden","Dalarna","Alvdalen",TRUE,"Stortjärnhållan","Särna",61.598186,12.911339,0.648580222343346,1.73029045643153,"Bear","29.08.2018","2018.08","13-B67","12/10/2018","13","2","0.683",233,"29/11/2018","12",1410000,"TTACAGT","GGTATCG","03/12/2018","1",16,10,15,"excess buffer","ACCTAGG","AGATGGC","14-13_3-3",3.71e+08,5.56e+08,2422312,491784,489751,1162,195,0.0024,4e-04,0.304224149161903,0.0332740509543932,0.159815444695084,0.00551203016483103,0.167052725099236,0.105180473178434,0.22494112674612,0.337498200116296,0.437560673137585,64756,21200,74,1,4.71698113207547e-05,1
"Ua069","915126",TRUE,"ERS6955126","Ursus","arctos","NRM","1985.00",1991,"year_died","","Male","8","Sweden","Dalarna","Orsa",TRUE,"Orsa finnmark, Råberg","Orsa",61.5287338,14.4921117,3.15089727032897,3.0040899795501,"Bear","30.08.2018","2018.08","13-B69","12/10/2018","13","1","0.193",234,"29/11/2018","12",6260000,"AACGCTA","TTACAGT","03/12/2018","1",16,10,15,"excess buffer","ACCTAGG","AGATGGC","15-14_3-3",1.68e+09,2.53e+09,13361760,2662976,2634119,13993,1362,0.0053,5e-04,0.158186357885049,0.243764722331684,0.167879288245951,0,0.106170415306358,0.0159834607448691,0.308015755486089,0.401951080216733,0.290033164297178,354065,162587,71,28,0.000172215490783396,7
"Ua072","586910",TRUE,"ERS6955127","Ursus","arctos","NRM","1950.70",1965,"year_died","","Male","unknown","Sweden","Jamtland","Harjedalen",TRUE,"Remmen","Älvros",62.015804,14.691328,1.90316086776439,3.72727272727273,"Bear","06.08.2017","2017.08","13-B72","12/10/2018","13","1","1.19",118,"22/11/2018","9",2.88e+08,"ATCGATT","TGGCCAT","09/12/2018","4",18,10,15,"opt buffer","CATCGAG","CTTGCGG","1-7_7-7",4.34e+10,6.51e+10,198020920,38214822,35023650,1135163,202611,0.0297,0.0053,0.05975299,0,0.68309384,0,0.06653372,0.03634965,0.1542698,0.05975299,0.78597721,15946580,1527951,77,238,0.000155764157358449,4
"Ua073","583106",TRUE,"ERS6955128","Ursus","arctos","NRM","pre1950",1864,"year_died","","unknown","unknown","Sweden","Dalarna","Dalarna_unknown",FALSE,"Dalarna",NA,60.6,15.5,5.32888385643413,NA,"Bear","06.08.2017","2017.08","13-B73","12/10/2018","13","5","3.37",119,"22/11/2018","9",3.79e+08,"CAGTCAA","ATTGGCA","09/12/2018","4",18,10,15,"opt buffer","CATCGAG","CTTGCGG","2-8_7-7",3.6e+10,5.41e+10,165083276,33647888,33537282,45336,29795,0.0013,9e-04,0.214878175734058,0.158263246752847,0.14821470708876,0.00502186989235502,0.106723057888413,0.0406651091575752,0.326233833485992,0.373141422486905,0.300624744027103,3598812,1345266,73,78,5.79810981619992e-05,9
"Ua074","885265",TRUE,"ERS6955129","Ursus","arctos","NRM","1985.00",1988,"year_died","","Female","9","Sweden","Jamtland","Harjedalen",TRUE,"Rannsundsvålen","Hede",62.298519,13.126973,1.09090178510762,1.58350515463917,"Bear","30.08.2018","2018.08","13-B74","12/10/2018","13","4","0.623",236,"29/11/2018","12",578000,"GCTAGCC","ATCGATT","03/12/2018","1",16,10,15,"excess buffer","ACCTAGG","AGATGGC","3-1_3-3",4.75e+08,7.12e+08,1933904,347268,270360,20530,275,0.0591,8e-04,0.238987509970618,0.236263470022037,0.0331354099724531,0,0.0668890900348923,0.21712782004285,0.20759669995715,0.475250979992655,0.317152320050195,19201,6168,64,0,0,0
"Ua077","905022",TRUE,"ERS6955130","Ursus","arctos","NRM","1985.00",1990,"year_died","","Male","6","Sweden","Jamtland","Harjedalen",TRUE,"Stor-Gillersåsen","Lillhärdal",61.709242,14.019241,0.412109011320414,1.4478527607362,"Bear","30.08.2018","2018.08","14-B77","16/10/2018","14","14","2.85",133,"22/11/2018","9",8.78e+08,"CAGTCAA","TGGCCAT","09/12/2018","4",18,10,15,"opt buffer","CATCGAG","CTTGCGG","2-7_7-7",3.87e+11,5.8e+11,986235980,194094105,186110222,3393382,171364,0.0175,9e-04,0.0613004099860624,0.0279061900706412,0.18762554000817,0,0.517059930000003,0.0628237699418514,0.143284159993272,0.0892066000567036,0.767509239950025,50016866,4986290,73,497,9.96733042001167e-05,9
"Ua079","740035",TRUE,"ERS6955131","Ursus","arctos","NRM","1970.85",1974,"year_died","","Male","11","Sweden","Dalarna","Mora",TRUE,"Fjäsko fäbod","Mora",61.355087,14.351406,93.5805890904607,3.78719008264463,"Bear","29.08.2018","2018.08","14-B79","16/10/2018","14","5","2.05",135,"22/11/2018","9",4.48e+08,"TGACTGG","CGATGTA","09/12/2018","4",18,10,15,"opt buffer","CATCGAG","CTTGCGG","4-9_7-7",3.87e+11,5.8e+11,422182908,85988574,85794614,104428,12820,0.0012,1e-04,0.0467009590489682,0.352515742901149,0.0278100794742651,0.000129760001442001,0.0784996884035743,0.108515537849008,0.385828232321593,0.399216701950117,0.214955065728289,7170200,2384811,69,367,0.00015389060181289,7
"Ua083","885034",TRUE,"ERS6955132","Ursus","arctos","NRM","1985.00",1987,"year_died","","Female","unknown","Sweden","Dalarna","Rattvik",TRUE,"Rättvik, Boda-Bingsjö","Rättvik",61.0240633,15.6387833,8.9674787318046,5.15625,"Bear","29.08.2018","2018.08","14-B83","16/10/2018","14","9","6.49",138,"22/11/2018","9",4.1e+08,"TGGCCAT","ACTGCGT","09/12/2018","4",18,10,15,"opt buffer","CATCGAG","CTTGCGG","7-12_7-7",1.15e+11,1.72e+11,184187524,37597306,37459588,35239,23699,9e-04,6e-04,0.403205360008651,0,0.386823019993754,0.00599260000288301,0.00918832999711602,0.0689989700254691,0.125791719972127,0.403205360008651,0.471002920019222,4346077,2500446,62,66,2.63952910800713e-05,8
"Ua084","915083",TRUE,"ERS6955133","Ursus","arctos","NRM","1985.00",1991,"year_found_dead","seen alive October 1990 and found as carcass so estimated to have died during spring 1991","Male","3","Sweden","Norrbotten","Jokkmokk",TRUE,"Teune","Jokkmokk",67.033341,18.9745786,0.231786255770017,0,"Bear","30.08.2018","2018.08","14-B84","16/10/2018","14","9","3.18",139,"22/11/2018","9",1.77e+08,"ATTGGCA","GGTATCG","09/12/2018","4",18,10,15,"opt buffer","CATCGAG","CTTGCGG","8-13_7-7",3.66e+10,5.49e+10,128347236,25705533,25553461,88782,735,0.0035,0,0.113710413391802,0.195785475835936,0.0805276525263094,0,0.0801336023773374,0.123436963782498,0.406405892086118,0.309495889227738,0.284098218686145,3856220,998025,78,101,0.000101199869742742,6
"Ua088","775085",TRUE,"ERS6955134","Ursus","arctos","NRM","1970.85",1977,"year_found_dead","found as carcass and estimated to have died the same year","unknown","unknown","Sweden","Gavleborg","Ljusdal",TRUE,"Oresjön","Hamra",61.660983,14.512331,0.688004730352868,2.93487394957983,"Bear","29.08.2018","2018.08","15-B88","22/10/2018","15","1","0.084",98,"21/11/2018","8",701000,"GTCATAC","CAGTCAA","06/12/2018","3",18,10,15,"opt buffer","TCTCCAT","CGCCTCT","10-2_6-6",3.96e+08,5.93e+08,1410456,269607,267688,982,495,0.0036,0.0018,0.169369013390361,0.000903450014897001,0.413292328327167,0,0.0588159011749712,0.0275986405367861,0.330020666555818,0.170272463405258,0.499706870038924,36039,9783,72,0,0,0
"Ua089","885129",TRUE,"ERS6955135","Ursus","arctos","NRM","1985.00",1988,"year_died","","Male","4","Sweden","Jamtland","Stromsund",TRUE,"Hoting, 5 km W, v343","Tåsjö",64.1137273,16.1950005,2.2347028223376,4.17118997912317,"Bear","",NA,"15-B89","22/10/2018","15","16","4.88",197,"28/11/2018","11",1.97e+08,"CAATTGC","ATTGGCA","09/12/2018","4",18,10,15,"opt buffer","AGTTGGT","TGGACGT","5-8_9-9",1.04e+11,1.55e+11,340449132,62799341,46560946,9557049,11308,0.1522,2e-04,0.0490316509904362,0.0734585914897393,0.390532947769235,0,0.0725407414594643,0.124599942554665,0.28983612573646,0.122490242480175,0.587673631783364,14208120,2409145,96,431,0.000178901643529136,9
"Ua090","915134",TRUE,"ERS6955136","Ursus","arctos","NRM","1985.00",1991,"year_died","","Female","5","Sweden","Jamtland","Stromsund",TRUE,"Granberget, Pärlmyrflon","Tåsjö",64.3101232,15.9011356,2.2347028223376,1.63465553235908,"Bear","30.08.2018","2018.08","15-B90","22/10/2018","15","12","0.453",99,"21/11/2018","8",2.3e+07,"TAGCACG","GCTAGCC","06/12/2018","3",18,10,15,"opt buffer","TCTCCAT","CGCCTCT","11-3_6-6",1.3e+10,1.95e+10,52016224,10108461,9967680,77959,2326,0.0077,2e-04,0.0900715992224508,0.251367197355472,0.0914748491532488,0,0.0850401291695898,0.14487001841559,0.337176206683648,0.341438796577923,0.321384996738429,1474043,421288,84,59,0.000140046713886937,5
"Ua091","855134",TRUE,"ERS6955137","Ursus","arctos","NRM","1970.85",1985,"year_died","","Female","unknown","Sweden","Dalarna","Mora",TRUE,"Hykjeberget","Våmhus",61.268105,14.196861,5.25444392566862,4.23125,"Bear","29.08.2018","2018.08","15-B91","22/10/2018","15","9","0.072",198,"28/11/2018","11",472000,"GCCAATG","TGGCCAT","09/12/2018","4",18,10,15,"opt buffer","AGTTGGT","TGGACGT","6-7_9-9",1.28e+09,1.92e+09,5110268,955927,929167,19998,1644,0.0209,0.0017,0.0540102794483145,0.260728517367005,0.0414484095564404,0,0.0796193992464797,0.0268201499413702,0.53737324444039,0.314738796815319,0.14788795874429,241856,112248,91,9,8.01796023091725e-05,4
"Ua095","580049",TRUE,"ERS6955138","Ursus","arctos","NRM","1950.70",1963,"year_died","","Male","unknown","Sweden","Dalarna","Mora",TRUE,"Mora socken","Mora",61.007222,14.541389,11.0176277645412,12.351966873706,"Bear","06.08.2017","2017.08","16-B95","30/10/2018","16","4","1.8",172,"26/11/2018","10",1.39e+08,"TGGCCAT","GTCATAC","09/12/2018","4",18,10,15,"opt buffer","TTCGAGC","GGCGGAG","7-10_8-8",4.98e+10,7.47e+10,250948196,50669387,50631286,11111,2874,2e-04,1e-04,0.329222933296651,0.223090982252391,0.00313806999231101,0.013801710146571,0.0249555502489301,0.113460511134605,0.292330242928541,0.552313915549042,0.155355841522417,4767882,2114474,67,115,5.43870485047345e-05,6
"Ua096","865113",TRUE,"ERS6955139","Ursus","arctos","NRM","1985.00",1986,"year_died","","Male","unknown","Sweden","Jamtland","Berg",TRUE,"Klövsjö","Klövsjö",62.528347,14.194452,1.48994648966014,4.85924369747899,"Bear","29.08.2018","2018.08","16-B96","30/10/2018","16","1","0.704",202,"28/11/2018","11",53400000,"CGATGTA","GTCATAC","09/12/2018","4",18,10,15,"opt buffer","AGTTGGT","TGGACGT","9-10_9-9",2.87e+10,4.31e+10,99761096,18944640,18911493,18220,2021,0.001,1e-04,0.0642173919361813,0.197395355940698,0.0507424717266563,9.61e-06,0.128627043716181,0.159839494857034,0.39916863182325,0.261612747876879,0.339218620299871,3047816,772037,86,83,0.000107507800791931,5
"Ua097","925126",TRUE,"ERS6955140","Ursus","arctos","NRM","1985.00",1992,"year_died","","Female","4","Sweden","Jamtland","Harjedalen",TRUE,"Linsell-Hede,Sånfjället","Hede",62.2597808,13.3610265,1.09090178510762,1.20910973084886,"Bear","30.08.2018","2018.08","16-B97","30/10/2018","16","3","2.01",203,"28/11/2018","11",728000,"CGATGTA","TAGCACG","09/12/2018","4",18,10,15,"opt buffer","AGTTGGT","TGGACGT","9-11_9-9",4.35e+08,6.52e+08,1401544,275533,272865,2038,30,0.0074,1e-04,0.59239269998174,0,0.0951463300148974,0.011735309992791,0.0206545400048051,0.0223028598937951,0.257768260111971,0.59239269998174,0.149839039906289,36232,22668,76,4,0.000176460208223046,2
"Ua098","895139",TRUE,"ERS6955141","Ursus","arctos","NRM","1985.00",1989,"year_died","","Male","3","Sweden","Dalarna","Alvdalen",TRUE,"Floj","Älvdalen",61.270068,13.41362,2.20955086090845,2.24380165289256,"Bear","30.08.2018","2018.08","16-B98","30/10/2018","16","19","3.53",204,"28/11/2018","11",17300000,"GTCATAC","TAGCACG","09/12/2018","4",18,10,15,"opt buffer","AGTTGGT","TGGACGT","10-11_9-9",6.65e+09,9.97e+09,22231940,4346980,4263715,56423,2722,0.013,6e-04,0.166682678339662,0.0620981293646973,0.0565043994540813,0.000139370009129001,0.144658568596281,0.166000288369456,0.403916565866694,0.228780807704359,0.367302626428947,987922,204194,80,16,7.83568567146929e-05,5
"Ua104","20065228",TRUE,"ERS6955142","Ursus","arctos","NRM","2000.20",2006,"year_died","","Male","3","Sweden","Norrbotten","Pajala",TRUE,"Kangos, Hukanmaa","Junosuando",67.579023,22.755172,0.497402505409731,1.13125,"Bear","07.11.2018","2018.11","17-B104","13/11/2018","17","6","2.9",184,"26/11/2018","10",6.45e+08,"GCTAGCC","CAATTGC","09/12/2018","4",18,10,15,"opt buffer","TTCGAGC","GGCGGAG","3-5_8-8",1.69e+11,2.54e+11,379559620,72955682,72671852,187877,4668,0.0026,1e-04,0.0445816604267392,0.0603777306501983,0.377730793694075,0,0.128314671237445,0.140583401632948,0.248411742358595,0.104959391076937,0.646628866564468,17848287,2825679,83,363,0.000128464698219437,9
"Ua105","20085210",TRUE,"ERS6955143","Ursus","arctos","NRM","2000.20",2008,"year_died","","Male","unknown","Sweden","Gavleborg","Ljusdal",TRUE,"Ljusdal. Hennan-Ramsjö, jvg","Ljusdal",62.0223676,15.8965079,7.13348870415836,4.22614107883817,"Bear","07.11.2018","2018.11","17-B105","13/11/2018","17","2","0.509",185,"26/11/2018","10",1.56e+08,"TGACTGG","GCCAATG","09/12/2018","4",18,10,15,"opt buffer","TTCGAGC","GGCGGAG","4-6_8-8",1.22e+11,1.83e+11,253511776,51130992,50108232,832899,1319,0.0163,0,0.283396584296701,0.0968907680609346,0.0312749394752272,0.00444519991109503,0.0359988392392702,0.141736757135854,0.406256911880918,0.380287352357636,0.213455735761446,4375140,1425575,72,101,7.08486049488803e-05,7
"Ua106","20115489",TRUE,"ERS6955144","Ursus","arctos","NRM","2000.20",2011,"year_died","","Female","unknown","Sweden","Norrbotten","Gallivare",TRUE,"Gällivare, Lina älv","Gällivare",67.272563,20.216717,0.992194149803659,1.82135523613963,"Bear","08.11.2018","2018.11","17-B106","13/11/2018","17","8","7.02",186,"26/11/2018","10",1.33e+09,"CAATTGC","TGGCCAT","05/12/2018","2",18,8,15,"opt buffer","TGCAGAG","ACCAACG","5-7_2-2",1.1e+11,1.66e+11,368190780,70283561,69637690,541405,1257,0.0077,0,0.0405785899663602,0.320462300066318,0.00596856997837503,0.0392234100264302,0.0461483000764092,0.141078389917343,0.406540439968765,0.361040890032678,0.232418669998557,10281088,3648514,88,371,0.00010168523404323,8
"Ua107","20165721",TRUE,"ERS6955145","Ursus","arctos","NRM","2000.20",2016,"year_died","","Male","unknown","Sweden","Uppsala","Osthammar",TRUE,"Gimo, Malsättra","Harg",60.08878,18.3865785,1.57985299419683,16.3195020746888,"Bear","08.11.2018","2018.11","17-B107","13/11/2018","17","9","2.5",187,"26/11/2018","10",4.32e+08,"GCCAATG","ATTGGCA","09/12/2018","4",18,10,15,"opt buffer","TTCGAGC","GGCGGAG","6-8_8-8",6.85e+10,1.03e+11,233486904,46016423,45970819,27469,626,6e-04,0,0.0144889298659221,0.446768225556251,0,0,0.0180402698236331,0.187279538161373,0.333423036592821,0.461257155422173,0.205319807985006,6106476,2211339,87,298,0.000134759980265351,6
"Ua108","583122",TRUE,"ERS6955146","Ursus","arctos","NRM","pre1950",NA,NA,"individual died before 1930 based on name of person who collected and donated the specimen","unknown","unknown","Sweden","Norrbotten","Norrbotten_unknown",FALSE,"Lule Lappmark",NA,67,22.5,0.613627644516332,NA,"Bear","06.08.2017","2017.08","18-B108","14/11/2018","18","2","1.63",211,"28/11/2018","11",7.1e+07,"ACTGCGT","GGTATCG","09/12/2018","4",18,10,15,"opt buffer","AGTTGGT","TGGACGT","12-13_9-9",2.74e+10,4.12e+10,101030392,20338149,20258008,63901,735,0.0031,0,0.48135421962132,0.102503732076986,0.0142534602090431,0.00596856010187805,0.0240136505771542,0.0890816516377517,0.282824725775867,0.583857951698306,0.133317322525827,1643596,734783,68,29,3.94674346031413e-05,6
"Ua112","20095319",TRUE,"ERS6955147","Ursus","arctos","NRM","2000.20",2009,"year_died","","Male","unknown","Sweden","Norrbotten","Alvsbyn",TRUE,"Älvsbyn, Laduberg","Älvsby",65.7150722,21.0941974,3.63031345833922,9.73012552301255,"Bear","07.11.2018","2018.11","18-B112","14/11/2018","18","47","9.62",124,"22/11/2018","9",2.15e+08,"TGGCCAT","GGTATCG","09/12/2018","4",18,10,15,"opt buffer","CATCGAG","CTTGCGG","7-13_7-7",3.56e+10,5.34e+10,101974472,20748481,19735260,850010,15217,0.041,7e-04,0.170075443438897,0.263736855189102,0.00686722018405503,0.00362823007833101,0.0269931205300581,0.100778492012109,0.427920638567448,0.433812298627999,0.138267062804553,2448834,975972,82,85,8.70926624944158e-05,6
"Ua117","985015",TRUE,"ERS6955148","Ursus","arctos","NRM","1985.00",1998,"year_died","","Male","3","Sweden","Dalarna","Rattvik",TRUE,"Dalstuga","Rättvik",61.0258543,15.6366539,7.64409594385043,5.1039501039501,"Bear","07.11.2018","2018.11","19-B117","15/11/2018","19","4","12.6",144,"22/11/2018","9",8.96e+08,"TTACAGT","GCTAGCC","09/12/2018","4",18,10,15,"opt buffer","CATCGAG","CTTGCGG","14-3_7-7",1.13e+11,1.7e+11,430597932,85988081,85803758,138914,4035,0.0016,0,0.137839382727665,0.216973434360134,0.0747801416242957,0.000446919990868009,0.0574751411413326,0.259205155173244,0.253279824982461,0.354812817087799,0.39190735792974,8038574,2170917,68,178,8.19930011142757e-05,6
"Ua119","20075213",TRUE,"ERS6955149","Ursus","arctos","NRM","2000.20",2007,"year_found_dead","found as skeleton and estimated to have died during 2006","Female","6","Sweden","Gavleborg","Ljusdal",TRUE,"Tandsjöborg","Hamra",61.70683,14.718256,0.161513305601131,4.35849056603774,"Bear","07.11.2018","2018.11","19-B119","15/11/2018","19","28","32.3",146,"22/11/2018","9",4.68e+08,"ATCGATT","ACTGCGT","09/12/2018","4",18,10,15,"opt buffer","CATCGAG","CTTGCGG","1-12_7-7",2.36e+10,3.53e+10,75487356,15635437,15522844,88848,1254,0.0057,1e-04,0.39569897005046,0.108895179958672,0.00808783995146205,0.00849633000528505,0.0318324000427702,0.123614779984142,0.323374500007209,0.504594150009132,0.172031349983659,1140134,441583,59,16,3.6233278907929e-05,6
"Ua121","20105351",TRUE,"ERS6955150","Ursus","arctos","NRM","2000.20",2010,"year_died","","Male","unknown","Sweden","Gavleborg","Bollnas",TRUE,"Bollnäs, Sörbo, Båtböle","Bollnäs",61.312149,16.232946,15.9536739480178,11.6416666666667,"Bear","08.11.2018","2018.11","19-B121","15/11/2018","19","2","2.85",148,"22/11/2018","9",33200000,"GCTAGCC","TTACAGT","09/12/2018","4",18,10,15,"opt buffer","CATCGAG","CTTGCGG","3-14_7-7",1.75e+10,2.62e+10,57709656,10480718,9503265,819922,1797,0.0782,2e-04,0.148627990407035,0,0.155970979972127,0,0.151588260078812,0,0.543812769542027,0.148627990407035,0.307559240050939,3301325,685951,70,29,4.22770722690105e-05,9
"Ua125","20025057",TRUE,"ERS6955151","Ursus","arctos","NRM","2000.20",2001,"year_found_dead","found as carcass and estimated to have died the same year","unknown","1","Sweden","Jamtland","Harjedalen",TRUE,"Lillhärdal, Lövhögen","Lillhärdal",61.901785,13.378217,0.156332657555244,2.2283950617284,"Bear","07.11.2018","2018.11","20-B125","16/11/2018","20","1","1.32",223,"28/11/2018","11",39200000,"TGACTGG","GCTAGCC","03/12/2018","1",18,10,15,"excess buffer","TTGATCC","CCAGGTT","4-3_4-4",1.41e+10,2.11e+10,74691380,14600066,14424337,136187,2753,0.0093,2e-04,0.145014177197367,0.0998654350478155,0.255596152813207,0.00514200026046303,0.158811097948004,0.0439280922552732,0.29164304447787,0.244879612245183,0.463477343276947,1698740,403048,69,21,5.21029753280006e-05,6
"Ua127","20165567",TRUE,"ERS6955152","Ursus","arctos","NRM","2000.20",2016,"year_died","","Male","unknown","Sweden","Vasterbotten","Vilhelmina",TRUE,"Marsliden, Marsfjället, Offerskalet","Vilhelmina",65.154782,15.513544,0.534460474538106,0.656964656964657,"Bear","08.11.2018","2018.11","20-B127","16/11/2018","20","6","31.6",225,"28/11/2018","11",2.1e+09,"GCCAATG","CAATTGC","05/12/2018","2",18,8,15,"opt buffer","TGCAGAG","ACCAACG","6-5_2-2",NA,NA,77341552,15871175,15692812,147985,283,0.0093,0,0.410831850020185,0.136383300074006,0.00152337999999901,0.0249218999975971,0.0204334800004801,0.0867028800927475,0.319203209814985,0.547215150094191,0.133581640090824,1891664,805189,80,55,6.83069440839356e-05,6
"Ua128","20125835",TRUE,"ERS6955153","Ursus","arctos","NRM","2000.20",2012,"year_died","","Female","unknown","Sweden","Norrbotten","Arjeplog",TRUE,"Luttun, Luttunjaure","Arjeplog",66.346018,18.569092,0.148717244398408,1.59166666666667,"Bear","08.11.2018","2018.11","20-B128","16/11/2018","20","34","30.1",226,"28/11/2018","11",6.26e+08,"TGGCCAT","GCCAATG","03/12/2018","1",18,10,15,"excess buffer","TTGATCC","CCAGGTT","7-6_4-4",3.6e+10,5.4e+10,78281348,15782238,15759162,16555,277,0.001,0,0.417944149960596,0.12347061002691,0.00393099003027502,0.00438752001297402,0.0363929199855821,0.127968670023549,0.285905139960114,0.541414759987506,0.17268010005238,1169169,462328,61,43,9.30075617310654e-05,6
"Ua129","20115503",TRUE,"ERS6955154","Ursus","arctos","NRM","2000.20",2011,"year_found_dead","found as carcass and estimated to have died in 2010","Male","2","Sweden","Gavleborg","Ljusdal",TRUE,"Sveg, Tandsjöborg","Hamra",61.692958,14.569403,0.161513305601131,3.59538784067086,"Bear","08.11.2018","2018.11","20-B129","16/11/2018","20","1","14.3",227,"28/11/2018","11",2.41e+09,"ATTGGCA","TGGCCAT","05/12/2018","2",18,8,15,"opt buffer","TGCAGAG","ACCAACG","8-7_2-2",2.86e+12,4.29e+12,132254380,25475661,24946326,451441,6471,0.0177,3e-04,0.038983130401269,0.437440534376952,0.00815031006631701,2.403e-05,0.121788661209092,0,0.393613333946369,0.476423664778221,0.129963001275409,3869063,2228146,87,150,6.73205436268539e-05,5
"Ua130","583093",TRUE,"ERS6955155","Ursus","arctos","NRM","pre1950",1846,"year_died","","unknown","unknown","Sweden","Jamtland","Stromsund",TRUE,"Espnäset - Skalsberget","Ström",64.0500087,15.4745786,0.550079510860173,2.78630705394191,"Bear","06.08.2017","2017.08","21-B130","20/11/2018","21","6","3.83",245,"29/11/2018","12",2550000,"GGTATCG","TAGCACG","03/12/2018","1",16,10,15,"excess buffer","ACCTAGG","AGATGGC","13-11_3-3",1.04e+09,1.56e+09,6740480,1223330,1052672,126196,235,0.1032,2e-04,0.239228224790716,0,0.0695612513580661,0.00906819018501602,0.345340956898938,0.0435244308962461,0.293276945871018,0.239228224790716,0.467494829338266,92075,29200,58,2,6.84931506849315e-05,2
"Ua131","825069",TRUE,"ERS6955156","Ursus","arctos","NRM","1970.85",1982,"year_died","","Male","unknown","Sweden","Jamtland","Harjedalen",TRUE,"Förikalven","Sveg",62.075573,13.81827,2.7338983258951,2.81419624217119,"Bear","29.08.2018","2018.08","21-B131","20/11/2018","21","1","0.067",246,"29/11/2018","12",4.05e+08,"TTACAGT","ACTGCGT","03/12/2018","1",16,10,15,"excess buffer","ACCTAGG","AGATGGC","14-12_3-3",4.12e+10,6.19e+10,150946128,31120863,30787133,266354,4661,0.0086,1e-04,0.144788319936085,0.286827820081696,0.0481186099822184,0.00637705999903705,0.0246431799404092,0.0956028499841428,0.393642160076411,0.431616140017781,0.174741699905807,3087005,1097378,68,94,8.56587247056165e-05,6
"Ua133","20055161",TRUE,"ERS6955157","Ursus","arctos","NRM","2000.20",2005,"year_died","","Female","3","Sweden","Dalarna","Alvdalen",TRUE,"Särna, Nordomsjön","Särna",61.724966,13.120561,0.390737574386563,3.33611691022965,"Bear","07.11.2018","2018.11","21-B133","20/11/2018","21","10","10.3",248,"29/11/2018","12",1e+08,"ATCGATT","TTACAGT","03/12/2018","1",16,10,15,"excess buffer","ACCTAGG","AGATGGC","1-14_3-3",4.52e+09,6.78e+09,33960564,7030523,6335919,586816,771,0.0835,1e-04,0.112321604392331,0.173665241318179,0.0911720754313056,0,0.0725887862958315,0.112456154397135,0.437796138165218,0.28598684571051,0.276217016124272,914889,237709,58,23,9.67569591391155e-05,5
"Ua134","20105357",TRUE,"ERS6955158","Ursus","arctos","NRM","2000.20",2010,"year_found_dead","found as carcass and estimated to have died during spring 2010","Male","unknown","Sweden","Vasternorrland","Ornskoldsvik",TRUE,"Bredbyn,Hädanberg,  Hemsjö, 3km NV","Anundsjö",63.585631,18.016866,0.902379378850142,5.78053830227743,"Bear","08.11.2018","2018.11","21-B134","20/11/2018","21","8","24.7",249,"29/11/2018","12",1.3e+08,"CAGTCAA","AACGCTA","03/12/2018","1",16,10,15,"excess buffer","ACCTAGG","AGATGGC","2-15_3-3",2.62e+10,3.94e+10,118095232,24483596,24326920,123506,3624,0.005,1e-04,0.283242835657168,0.200230674042002,0.00183093005574401,0.010851070190782,0.0210389604027101,0.140761212913644,0.34204431673795,0.48347350969917,0.17448217356288,2769216,1077246,76,74,6.86936874214432e-05,6
"Ua136","20125836",TRUE,"ERS6955159","Ursus","arctos","NRM","2000.20",2012,"year_died","","Female","unknown","Sweden","Norrbotten","Arjeplog",TRUE,"Säitevare, Svertik","Arjeplog",66.528053,18.071492,0.148717244398408,0,"Bear","08.11.2018","2018.11","21-B136","20/11/2018","21","20","36.6",251,"29/11/2018","12",1980000,"TGACTGG","TGACTGG","03/12/2018","1",16,10,15,"excess buffer","ACCTAGG","AGATGGC","4-4_3-3",2.42e+09,3.63e+09,16204220,3397578,3334621,53049,35,0.0156,0,0.597501087850451,0.0176029506256901,0.010115800331587,0.0277187808635691,0.0212504206213651,0.0915229127771633,0.234288046930175,0.615104038476141,0.150607914593684,368861,189208,69,14,7.39926430172086e-05,4
"BL109","library blank",FALSE,"ERS6955183","","","","blanks",NA,NA,NA,"",NA,"","","",NA,NA,NA,NA,NA,NA,NA,"LP.blank","",NA,"","",NA,"","",NA,"22/11/2018","9",46700,"ATTGGCA","AACGCTA","09/12/2018","4",18,10,15,"opt buffer","CATCGAG","CTTGCGG","8-15_7-7",1.19e+08,1.79e+08,188944,620,604,NA,12,NA,0.0194,0,0,0.37179486974359,0,0.02051282025641,0.25128204948718,0.356410260512821,0,0.64358973948718,37,3,NA,NA,NA,NA
"BL105","library blank",FALSE,"ERS6955212","","","","blanks",NA,NA,NA,"",NA,"","","",NA,NA,NA,NA,NA,NA,NA,"LP.blank","",NA,"","",NA,"","",NA,"17/10/2018","5",181000,"TAGCACG","CGATGTA","03/12/2018","1",18,10,15,"excess buffer","TTGATCC","CCAGGTT","11-9_4-4",2.33e+08,3.5e+08,497812,565,563,NA,1,NA,0.0018,0,0,0.6647059,0,0,0.0117647,0.3235294,0,0.6764706,17,0,NA,NA,NA,NA
"BL106","library blank",FALSE,"ERS6955213","","","","blanks",NA,NA,NA,"",NA,"","","",NA,NA,NA,NA,NA,NA,NA,"LP.blank","",NA,"","",NA,"","",NA,"01/11/2018","6",45200,"GGTATCG","TAGCACG","06/12/2018","3",18,10,15,"opt buffer","ATCTTGC","CCGTTAG","13-11_5-5",1.15e+09,1.72e+09,5257256,169,165,NA,3,NA,0.0178,0,0,0.32500001,0,0.15,0,0.52499999,0,0.47500001,11,0,NA,NA,NA,NA
"BL107","library blank",FALSE,"ERS6955214","","","","blanks",NA,NA,NA,"",NA,"","","",NA,NA,NA,NA,NA,NA,NA,"LP.blank","",NA,"","",NA,"","",NA,"09/11/2018","7",44300,"TTACAGT","GTCATAC","06/12/2018","3",18,10,15,"opt buffer","CCTGCGA","AATCTTC","14-10_1-1",3.08e+08,4.62e+08,757156,679,675,NA,4,NA,0.0059,0,0,0,0,0.6744186,0.00697674,0.31860466,0,0.68139534,41,0,NA,NA,NA,NA
"BL108","library blank",FALSE,"ERS6955215","","","","blanks",NA,NA,NA,"",NA,"","","",NA,NA,NA,NA,NA,NA,NA,"LP.blank","",NA,"","",NA,"","",NA,"21/11/2018","8",27500,"TTACAGT","ATTGGCA","06/12/2018","3",18,10,15,"opt buffer","TCTCCAT","CGCCTCT","14-8_6-6",3.61e+08,5.42e+08,186764,497,396,NA,74,NA,0.1489,0,0,0.754901963333334,0,0.0254901988235291,0.00980392,0.209803917843137,0,0.790196082156863,44,8,NA,NA,NA,NA
"BL110","library blank",FALSE,"ERS6955216","","","","blanks",NA,NA,NA,"",NA,"","","",NA,NA,NA,NA,NA,NA,NA,"LP.blank","",NA,"","",NA,"","",NA,"26/11/2018","10",2020,"GGTATCG","ATCGATT","09/12/2018","4",18,10,15,"opt buffer","TTCGAGC","GGCGGAG","13-1_8-8",1.69e+08,2.53e+08,18064,145,141,NA,2,NA,0.0138,0,0,0.08750001,0,0.57916665,0.00833333,0.32500001,0,0.67499999,24,0,NA,NA,NA,NA
"BL111","library blank",FALSE,"ERS6955217","","","","blanks",NA,NA,NA,"",NA,"","","",NA,NA,NA,NA,NA,NA,NA,"LP.blank","",NA,"","",NA,"","",NA,"28/11/2018","11",84000,"ATCGATT","CAGTCAA","09/12/2018","4",18,10,15,"opt buffer","AGTTGGT","TGGACGT","1-2_9-9",1.29e+09,1.93e+09,5430204,1497,1429,NA,51,NA,0.0341,0,0,0.354929589577465,0,0,0.373239450704226,0.27183095971831,0,0.728169040281691,68,6,NA,NA,NA,NA
"BL112","library blank",FALSE,"ERS6955218","","","","blanks",NA,NA,NA,"",NA,"","","",NA,NA,NA,NA,NA,NA,NA,"LP.blank","",NA,"","",NA,"","",NA,"29/11/2018","12",107000,"TAGCACG","GTCATAC","03/12/2018","1",16,10,15,"excess buffer","ACCTAGG","AGATGGC","11-10_3-3",2.62e+08,3.94e+08,722796,143,111,NA,24,NA,0.1678,0,0,0.37058823,0,0.01176471,0.61764706,0,0,1,16,0,NA,NA,NA,NA
"BE113","extraction blank",FALSE,"ERS6955182","","","","blanks",NA,NA,NA,"",NA,"","","",NA,NA,NA,NA,NA,NA,NA,"Ext.blank","",NA,"13-EB1","12/10/2018","13","1 ml extraction buffer","<0.05",111,"22/11/2018","9",6590,"GTCATAC","ATCGATT","09/12/2018","4",18,10,15,"opt buffer","CATCGAG","CTTGCGG","10-1_7-7",41200000,61800000,92816,1042,991,NA,33,NA,0.0317,0,0,0.259433942641509,0,0.00566038,0.535849065377359,0.199056611981132,0,0.800943388018868,110,1,NA,NA,NA,NA
"BE108","extraction blank",FALSE,"ERS6955184","","","","blanks",NA,NA,NA,"",NA,"","","",NA,NA,NA,NA,NA,NA,NA,"Ext.blank","",NA,"8-EB1","19/09/2018","8","1 ml extraction buffer","<0.05",1,"17/10/2018","5",178000,"CAGTCAA","ATCGATT","06/12/2018","3",18,10,15,"opt buffer","ATCTTGC","CCGTTAG","2-1_5-5",2.43e+09,3.65e+09,12231100,8037,2610,NA,4330,NA,0.5388,0,0.00763052028112403,0.444578315341366,0,0.01445783,0.146184738755019,0.38714859562249,0.00763052028112403,0.605220884096385,262,52,NA,NA,NA,NA
"BE109","extraction blank",FALSE,"ERS6955185","","","","blanks",NA,NA,NA,"",NA,"","","",NA,NA,NA,NA,NA,NA,NA,"Ext.blank","",NA,"9-EB1","21/09/2018","9","1 ml extraction buffer","<0.05",60,"09/11/2018","7",123000,"TTACAGT","CGATGTA","06/12/2018","3",18,10,15,"opt buffer","CCTGCGA","AATCTTC","14-9_1-1",5.67e+08,8.5e+08,1773896,3715,3117,NA,476,NA,0.1281,0.00072289,0.188433748216867,0.289638556915663,0,0.039999999759036,0.23686746739759,0.244337337710843,0.189156638216867,0.566506024072289,419,78,NA,NA,NA,NA
"BE110","extraction blank",FALSE,"ERS6955186","","","","blanks",NA,NA,NA,"",NA,"","","",NA,NA,NA,NA,NA,NA,NA,"Ext.blank","",NA,"10-EB1","27/09/2018","10","1 ml extraction buffer","<0.05",3,"17/10/2018","5",65100,"TGACTGG","GCTAGCC","06/12/2018","3",18,10,15,"opt buffer","ATCTTGC","CCGTTAG","4-3_5-5",7.41e+09,1.11e+10,3051572,1108,1070,NA,32,NA,0.0289,0.0319444394444432,0.034722220347222,0.229861119444445,0,0,0.375000010902779,0.328472209861111,0.0666666597916652,0.604861130347224,143,14,NA,NA,NA,NA
"BE111","extraction blank",FALSE,"ERS6955187","","","","blanks",NA,NA,NA,"",NA,"","","",NA,NA,NA,NA,NA,NA,NA,"Ext.blank","",NA,"11-EB1","03/10/2018","11","1 ml extraction buffer","<0.05",84,"21/11/2018","8",6840,"GTCATAC","GCTAGCC","06/12/2018","3",18,10,15,"opt buffer","TCTCCAT","CGCCTCT","10-3_6-6",6.01e+08,9.02e+08,122040,339,332,NA,3,NA,0.0088,0,0,0.358064507419355,0,0.01290323,0.300000016129033,0.329032246451613,0,0.670967753548388,31,2,NA,NA,NA,NA
"BE112","extraction blank",FALSE,"ERS6955188","","","","blanks",NA,NA,NA,"",NA,"","","",NA,NA,NA,NA,NA,NA,NA,"Ext.blank","",NA,"12-EB1","11/10/2018","12","1 ml extraction buffer","0.077",151,"26/11/2018","10",31700,"TTACAGT","CAGTCAA","09/12/2018","4",18,10,15,"opt buffer","TTCGAGC","GGCGGAG","14-2_8-8",3.63e+08,5.45e+08,264376,1333,1291,NA,26,NA,0.0195,0,0.00045455,0.321818182863636,0,0.01136363,0.356363633954545,0.310000003181818,0.00045455,0.689545446818181,241,6,NA,NA,NA,NA
"BE114","extraction blank",FALSE,"ERS6955189","","","","blanks",NA,NA,NA,"",NA,"","","",NA,NA,NA,NA,NA,NA,NA,"Ext.blank","",NA,"14-EB1","16/10/2018","14","1 ml extraction buffer","0.096",5,"17/10/2018","5",101000,"GCCAATG","CAATTGC","03/12/2018","1",18,10,15,"excess buffer","TTGATCC","CCAGGTT","6-5_4-4",57900000,86800000,516368,15574,15519,NA,42,NA,0.0027,0,0,0.16182815005213,0,0.569099399982025,0.0819701601015633,0.187102289864282,0,0.812897710135718,12390,45,NA,NA,NA,NA
"BE115","extraction blank",FALSE,"ERS6955190","","","","blanks",NA,NA,NA,"",NA,"","","",NA,NA,NA,NA,NA,NA,NA,"Ext.blank","",NA,"15-EB1 ","22/10/2018","15","1 ml extraction buffer","<0.05",97,"21/11/2018","8",5000,"CGATGTA","ATCGATT","06/12/2018","3",18,10,15,"opt buffer","TCTCCAT","CGCCTCT","9-1_6-6",3.51e+08,5.26e+08,475364,869,814,NA,41,NA,0.0472,0.237254920196078,0.00588235,0.223529420718954,0,0,0.362091495882353,0.171241813202615,0.243137270196078,0.585620916601307,161,41,NA,NA,NA,NA
"BE116","extraction blank",FALSE,"ERS6955191","","","","blanks",NA,NA,NA,"",NA,"","","",NA,NA,NA,NA,NA,NA,NA,"Ext.blank","",NA,"16-EB1","30/10/2018","16","1 ml extraction buffer","0.067",165,"26/11/2018","10",7910,"AACGCTA","CAGTCAA","09/12/2018","4",18,10,15,"opt buffer","TTCGAGC","GGCGGAG","15-2_8-8",6.9e+08,1.03e+09,85924,1700,1413,NA,188,NA,0.1106,0.02499999,0,0.25483871,0,0.02137096,0.53387097,0.16491937,0.02499999,0.81008064,243,20,NA,NA,NA,NA
"BE117","extraction blank",FALSE,"ERS6955192","","","","blanks",NA,NA,NA,"",NA,"","","",NA,NA,NA,NA,NA,NA,NA,"Ext.blank","",NA,"17-EB1","13/11/2018","17","1 ml extraction buffer","<0.05",175,"26/11/2018","10",5500,"GTCATAC","GGTATCG","09/12/2018","4",18,10,15,"opt buffer","TTCGAGC","GGCGGAG","10-13_8-8",3.18e+09,4.77e+09,187016,714,621,NA,74,NA,0.1036,0.00144927985507201,0,0.525362293188407,0.00072464,0.0311594190579711,0.232608698768116,0.208695669130434,0.00144927985507201,0.789855051014494,129,18,NA,NA,NA,NA
"BE118","extraction blank",FALSE,"ERS6955193","","","","blanks",NA,NA,NA,"",NA,"","","",NA,NA,NA,NA,NA,NA,NA,"Ext.blank","",NA,"18-EB1","14/11/2018","18","1 ml extraction buffer","<0.05",205,"28/11/2018","11",24800,"GTCATAC","ACTGCGT","09/12/2018","4",18,10,15,"opt buffer","AGTTGGT","TGGACGT","10-12_9-9",6.04e+08,9.07e+08,2340252,1463,1309,NA,113,NA,0.0772,0,0,0.28461539,0,0,0.577564100641026,0.137820509358974,0,0.862179490641026,155,7,NA,NA,NA,NA
"BE119","extraction blank",FALSE,"ERS6955194","","","","blanks",NA,NA,NA,"",NA,"","","",NA,NA,NA,NA,NA,NA,NA,"Ext.blank","",NA,"19-EB1","15/11/2018","19","1 ml extraction buffer","<0.05",140,"22/11/2018","9",26600,"CGATGTA","TTACAGT","09/12/2018","4",18,10,15,"opt buffer","CATCGAG","CTTGCGG","9-14_7-7",1.44e+08,2.15e+08,373300,975,922,NA,36,NA,0.0369,0,0,0.296052629802632,0,0.00789474,0.441447359407895,0.254605270789474,0,0.745394729210527,153,18,NA,NA,NA,NA
"BE120","extraction blank",FALSE,"ERS6955195","","","","blanks",NA,NA,NA,"",NA,"","","",NA,NA,NA,NA,NA,NA,NA,"Ext.blank","",NA,"20-EB1","16/11/2018","20","1 ml extraction buffer","<0.05",214,"28/11/2018","11",8690,"GGTATCG","CGATGTA","09/12/2018","4",18,10,15,"opt buffer","AGTTGGT","TGGACGT","13-9_9-9",71700000,1.08e+08,128460,2577,2445,NA,95,NA,0.0369,0,0.102191780246575,0.314794519589041,0,0.00630136997260203,0.37150685,0.205205480191781,0.102191780246575,0.692602739561643,396,58,NA,NA,NA,NA
"BE121","extraction blank",FALSE,"ERS6955196","","","","blanks",NA,NA,NA,"",NA,"","","",NA,NA,NA,NA,NA,NA,NA,"Ext.blank","",NA,"21-EB1","20/11/2018","21","1 ml extraction buffer","<0.05",238,"29/11/2018","12",21500,"CAATTGC","GCTAGCC","03/12/2018","1",16,10,15,"excess buffer","ACCTAGG","AGATGGC","5-3_3-3",2.35e+08,3.52e+08,452428,453,416,NA,27,NA,0.0596,0.122480628527132,0.02868217,0.594573633798451,0,0.00232558,0.0806201488372082,0.171317838837208,0.151162798527132,0.677519362635659,121,74,NA,NA,NA,NA
"BE208","extraction blank",FALSE,"ERS6955197","","","","blanks",NA,NA,NA,"",NA,"","","",NA,NA,NA,NA,NA,NA,NA,"Ext.blank","",NA,"8-EB2","19/09/2018","8","1 ml extraction buffer","<0.05",2,"17/10/2018","5",20800,"GCTAGCC","CAGTCAA","06/12/2018","3",18,10,15,"opt buffer","ATCTTGC","CCGTTAG","3-2_5-5",1.02e+08,1.53e+08,309428,1430,1386,NA,31,NA,0.0217,0.0236111096111111,0,0.2186111175,0,0.173333339055555,0.307499996416667,0.276944437416667,0.0236111096111111,0.699444452972222,342,25,NA,NA,NA,NA
"BE209","extraction blank",FALSE,"ERS6955198","","","","blanks",NA,NA,NA,"",NA,"","","",NA,NA,NA,NA,NA,NA,NA,"Ext.blank","",NA,"9-EB2","21/09/2018","9","1 ml extraction buffer","<0.05",79,"21/11/2018","8",21500,"TGACTGG","GGTATCG","06/12/2018","3",18,10,15,"opt buffer","TCTCCAT","CGCCTCT","4-13_6-6",5.18e+08,7.78e+08,36868,788,682,NA,83,NA,0.1053,0.116,0.0184,0.2304,0,0.1312,0.3144,0.1896,0.1344,0.676,122,28,NA,NA,NA,NA
"BE210","extraction blank",FALSE,"ERS6955199","","","","blanks",NA,NA,NA,"",NA,"","","",NA,NA,NA,NA,NA,NA,NA,"Ext.blank","",NA,"10-EB2","27/09/2018","10","1 ml extraction buffer","0.067",4,"17/10/2018","5",109000,"CAATTGC","TGACTGG","06/12/2018","3",18,10,15,"opt buffer","ATCTTGC","CCGTTAG","5-4_5-5",3.86e+08,5.78e+08,2268328,869,797,NA,48,NA,0.0552,0,0,0.321,0,0,0.39,0.289,0,0.711,93,3,NA,NA,NA,NA
"BE211","extraction blank",FALSE,"ERS6955200","","","","blanks",NA,NA,NA,"",NA,"","","",NA,NA,NA,NA,NA,NA,NA,"Ext.blank","",NA,"11-EB2","03/10/2018","11","1 ml extraction buffer","0.059",96,"21/11/2018","8",128000,"TGGCCAT","AACGCTA","06/12/2018","3",18,10,15,"opt buffer","TCTCCAT","CGCCTCT","7-15_6-6",9.43e+08,1.41e+09,2300356,1671,1654,NA,12,NA,0.0072,0,0.0342592581481482,0.225925931388889,0,0.0240740787037031,0.416666653703705,0.299074078055555,0.0342592581481482,0.666666663796297,139,14,NA,NA,NA,NA
"BE212","extraction blank",FALSE,"ERS6955201","","","","blanks",NA,NA,NA,"",NA,"","","",NA,NA,NA,NA,NA,NA,NA,"Ext.blank","",NA,"12-EB2","11/10/2018","12","1 ml extraction buffer","<0.05",164,"26/11/2018","10",16400,"TTACAGT","ATCGATT","09/12/2018","4",18,10,15,"opt buffer","TTCGAGC","GGCGGAG","14-1_8-8",2.59e+09,3.89e+09,107548,1542,1312,NA,182,NA,0.118,0.00147493,0.00029499,0.671681423126845,0,0.0306784600589961,0.177286137994101,0.118584058820058,0.00176992,0.879646021179942,349,80,NA,NA,NA,NA
"BE213","extraction blank",FALSE,"ERS6955202","","","","blanks",NA,NA,NA,"",NA,"","","",NA,NA,NA,NA,NA,NA,NA,"Ext.blank","",NA,"13-EB2","12/10/2018","13","1 ml extraction buffer","0.054",120,"22/11/2018","9",46000,"GCTAGCC","CGATGTA","09/12/2018","4",18,10,15,"opt buffer","CATCGAG","CTTGCGG","3-9_7-7",2.79e+08,4.18e+08,806452,2299,2287,NA,7,NA,0.003,0,0.0282608706521741,0.0608695610144922,0,0.0492753701449271,0.666666666231885,0.194927531956522,0.0282608706521741,0.776811597391304,136,10,NA,NA,NA,NA
"BE214","extraction blank",FALSE,"ERS6955203","","","","blanks",NA,NA,NA,"",NA,"","","",NA,NA,NA,NA,NA,NA,NA,"Ext.blank","",NA,"14-EB2","16/10/2018","14","1 ml extraction buffer","<0.05",6,"17/10/2018","5",48700,"TGGCCAT","GCCAATG","06/12/2018","3",18,10,15,"opt buffer","ATCTTGC","CCGTTAG","7-6_5-5",1.81e+08,2.71e+08,534604,1123,1114,NA,2,NA,0.0018,0,0.0890756489075623,0.152100838571428,0,0.150420158235294,0.205882347394959,0.402521006890757,0.0890756489075623,0.508403344201681,114,16,NA,NA,NA,NA
"BE215","extraction blank",FALSE,"ERS6955204","","","","blanks",NA,NA,NA,"",NA,"","","",NA,NA,NA,NA,NA,NA,NA,"Ext.blank","",NA,"15-EB2","22/10/2018","15","1 ml extraction buffer","0.067",49,"01/11/2018","6",38400,"ACTGCGT","ATTGGCA","06/12/2018","3",18,10,15,"opt buffer","ATCTTGC","CCGTTAG","12-8_5-5",1.3e+08,1.96e+08,319172,1859,1323,NA,420,NA,0.2259,0,0,0.560660670750751,0.000900900030030003,0.0267267208708701,0.224624604504504,0.187087103843844,0,0.812912896156155,331,49,NA,NA,NA,NA
"BE216","extraction blank",FALSE,"ERS6955205","","","","blanks",NA,NA,NA,"",NA,"","","",NA,NA,NA,NA,NA,NA,NA,"Ext.blank","",NA,"16-EB2","30/10/2018","16","1 ml extraction buffer","<0,05",174,"26/11/2018","10",52400,"CGATGTA","ACTGCGT","09/12/2018","4",18,10,15,"opt buffer","TTCGAGC","GGCGGAG","9-12_8-8",3.5e+09,5.25e+09,3484100,2501,2051,NA,287,NA,0.1148,0.0164804694134071,0,0.244134073044692,0,0.0762569870670384,0.438826796815644,0.224301673659218,0.0164804694134071,0.759217856927374,388,12,NA,NA,NA,NA
"BE217","extraction blank",FALSE,"ERS6955206","","","","blanks",NA,NA,NA,"",NA,"","","",NA,NA,NA,NA,NA,NA,NA,"Ext.blank","",NA,"17-EB2","13/11/2018","17","1 ml extraction buffer","0.106",188,"26/11/2018","10",61900,"TGGCCAT","CGATGTA","09/12/2018","4",18,10,15,"opt buffer","TTCGAGC","GGCGGAG","7-9_8-8",1.92e+09,2.88e+09,2378988,8231,7668,NA,460,NA,0.0559,0.0333333495683452,0.0521982390807354,0.173541158217426,0,0.0990407588888877,0.353717027154277,0.288169467090328,0.0855315886490806,0.626298944260591,1318,224,NA,NA,NA,NA
"BE218","extraction blank",FALSE,"ERS6955207","","","","blanks",NA,NA,NA,"",NA,"","","",NA,NA,NA,NA,NA,NA,NA,"Ext.blank","",NA,"18-EB2","14/11/2018","18","1 ml extraction buffer","0.104",128,"22/11/2018","9",21200,"ACTGCGT","CAGTCAA","09/12/2018","4",18,10,15,"opt buffer","CATCGAG","CTTGCGG","12-2_7-7",4.43e+08,6.64e+08,923356,608,583,NA,15,NA,0.0247,0.00140845,0,0.43521125,0,0.00985915,0.37323945,0.1802817,0.00140845,0.81830985,72,3,NA,NA,NA,NA
"BE219","extraction blank",FALSE,"ERS6955208","","","","blanks",NA,NA,NA,"",NA,"","","",NA,NA,NA,NA,NA,NA,NA,"Ext.blank","",NA,"19-EB2","15/11/2018","19","1 ml extraction buffer","<0.05",108,"21/11/2018","8",159000,"CAATTGC","ACTGCGT","06/12/2018","3",18,10,15,"opt buffer","TCTCCAT","CGCCTCT","5-12_6-6",7.11e+08,1.07e+09,2657972,6622,6571,NA,31,NA,0.0047,0.37333335159091,0,0.0360605909242412,0.00075758,0.0499999912272733,0.358181820787879,0.181666665469697,0.37333335159091,0.444999982939394,687,245,NA,NA,NA,NA
"BE220","extraction blank",FALSE,"ERS6955209","","","","blanks",NA,NA,NA,"",NA,"","","",NA,NA,NA,NA,NA,NA,NA,"Ext.blank","",NA,"20-EB2","16/11/2018","20","1 ml extraction buffer","<0.05",229,"28/11/2018","11",79800,"GTCATAC","CGATGTA","03/12/2018","1",18,10,15,"excess buffer","TTGATCC","CCAGGTT","10-9_4-4",6.01e+08,9.02e+08,4087988,16622,16450,NA,123,NA,0.0074,0,4.669e-05,0.102100831027077,0,0.0542483604808582,0.380438844271709,0.463165274220355,4.669e-05,0.536788035779644,2212,18,NA,NA,NA,NA
"BE221","extraction blank",FALSE,"ERS6955210","","","","blanks",NA,NA,NA,"",NA,"","","",NA,NA,NA,NA,NA,NA,NA,"Ext.blank","",NA,"21-EB2","20/11/2018","21","1 ml extraction buffer","0.103",253,"29/11/2018","12",2140,"GTCATAC","GTCATAC","03/12/2018","1",16,10,15,"excess buffer","ACCTAGG","AGATGGC","10-10_3-3",7.44e+08,1.12e+09,2804,42,28,NA,8,NA,0.1905,0.175,0,0,0,0,0.75,0.075,0.175,0.75,4,0,NA,NA,NA,NA
"BE319","extraction blank",FALSE,"ERS6955211","","","","blanks",NA,NA,NA,"",NA,"","","",NA,NA,NA,NA,NA,NA,NA,"Ext.blank","",NA,"19-EB3","15/11/2018","19","binding buffer (day 2)","0.076",107,"21/11/2018","8",15000,"TGACTGG","TAGCACG","06/12/2018","3",18,10,15,"opt buffer","TCTCCAT","CGCCTCT","4-11_6-6",8.09e+08,1.21e+09,33340,459,448,NA,4,NA,0.0087,0.00327868016393402,0,0.201639338360656,0,0.11803279,0.383606563442623,0.293442628032787,0.00327868016393402,0.703278691803279,55,7,NA,NA,NA,NA
"BS003","bear museum shelf blank",FALSE,"ERS6955219","","","NRM","blanks",NA,NA,NA,"",NA,"","","",NA,NA,NA,NA,NA,NA,NA,"Swab","",NA,"20-M3","16/11/2018","20","swab","<0.05",228,"28/11/2018","11",3530000,"CGATGTA","ATTGGCA","03/12/2018","1",18,10,15,"excess buffer","TTGATCC","CCAGGTT","9-8_4-4",8.59e+08,1.29e+09,7727352,1476254,1381011,NA,69623,NA,0.0472,0,0,0.20118217202941,0,0.440881354395694,0.030073520298909,0.327862953275986,0,0.672137046724013,332718,5486,NA,NA,NA,NA
"BS005","bear skull blank 580051",FALSE,"ERS6955220","","","NRM","blanks",NA,NA,NA,"",NA,"","","",NA,NA,NA,NA,NA,NA,NA,"Swab","",NA,"21-M5","20/11/2018","21","swab","0.157",240,"29/11/2018","12",9550000,"TGGCCAT","CAATTGC","03/12/2018","1",16,10,15,"excess buffer","ACCTAGG","AGATGGC","7-5_3-3",1.45e+09,2.17e+09,11506840,2157737,2046306,NA,86812,NA,0.0402,0,0,0.664361546758135,0,0.110673284498053,0.00030756,0.224657608743812,0,0.775342391256188,1074132,82838,NA,NA,NA,NA
"Ua066","580026",FALSE,"ERS6955160","Ursus","arctos","NRM","pre1950",1948,NA,NA,"Male",NA,"Sweden","Norrbotten","Jokkmokk",NA,NA,NA,NA,NA,NA,NA,"Bear","06.08.2017","2017.08","13-B66","12/10/2018","13","1","0.748",115,"22/11/2018","9",15100000,"TTACAGT","CAATTGC","09/12/2018","4",18,10,15,"opt buffer","CATCGAG","CTTGCGG","14-5_7-7",4.93e+09,7.39e+09,21593076,3822456,3816438,785,770,2e-04,2e-04,0,0,0.732231225404393,0,0.120342167536642,0,0.147426607058964,0,0.852573392941035,2569217,NA,NA,NA,NA,NA
"Ua020","583099",FALSE,"ERS6955161","Ursus","arctos","NRM","pre1950",1842,NA,NA,"unknown",NA,"Sweden","Jamtland","Stromsund",NA,"Espnäset - Skalsberget","Ström",NA,NA,NA,NA,"Bear","06.08.2017","2017.08","8-B20","19/09/2018","8","5","0.182",37,"01/11/2018","6",14100000,"ACTGCGT","CGATGTA","06/12/2018","3",18,10,15,"opt buffer","ATCTTGC","CCGTTAG","12-9_5-5",9.01e+09,1.35e+10,27116476,4885077,4701550,103590,535,0.0212,1e-04,0.011346049898601,0,0.708597242942959,4.80999951900005e-06,0.0768465492181262,0.00932769990677103,0.193877648034024,0.011346049898601,0.794776302067375,1836112,NA,NA,NA,NA,NA
"Ua026","905021",FALSE,"ERS6955162","Ursus","arctos","NRM","1985.00",1990,NA,NA,"Female",NA,"Sweden","Dalarna","Alvdalen",NA,"Navarnäsberget","Älvdalen",NA,NA,NA,NA,"Bear","30.08.2018","2018.08","9-B26","21/09/2018","9","7","7.41",66,"09/11/2018","7",4.47e+08,"CAATTGC","AACGCTA","06/12/2018","3",18,10,15,"opt buffer","CCTGCGA","AATCTTC","5-15_1-1",4.68e+10,7.01e+10,220258284,44576367,44341167,69864,4267,0.0016,1e-04,0.0316882100249891,0,0.0996299600326774,0,0.358109469979816,0.104166469937046,0.406405890025471,0.0316882100249891,0.561905899949539,19013226,NA,NA,NA,NA,NA
"Ua028","895054",FALSE,"ERS6955163","Ursus","arctos","NRM","1985.00",1989,NA,NA,"Male",NA,"Sweden","Norrbotten","Jokkmokk",NA,"Jekelberget (Lekelvare), South of","Jokkmokk",NA,NA,NA,NA,"Bear","30.08.2018","2018.08","9-B28","21/09/2018","9","5","14.2",68,"09/11/2018","7",1.32e+08,"ATTGGCA","CAGTCAA","06/12/2018","3",18,10,15,"opt buffer","CCTGCGA","AATCTTC","8-2_1-1",2.48e+10,3.72e+10,137057552,25647361,24537849,492439,109068,0.0192,0.0043,0.021879960217694,0,0.287529432894901,0,0.497789404958431,0.00052381,0.192277391928973,0.021879960217694,0.785842647853332,8404809,NA,NA,NA,NA,NA
"Ua029","595121",FALSE,"ERS6955164","Ursus","arctos","NRM",NA,NA,NA,NA,"unknown",NA,"Sweden","Norrbotten","Gallivare",NA,"Stora Sjöfallet","Gällivare",NA,NA,NA,NA,"Bear","15.08.2017","2017.08","9-B29","21/09/2018","9","36","<0.05",69,"09/11/2018","7",1.6e+09,"CGATGTA","GCTAGCC","05/12/2018","2",18,8,15,"opt buffer","TGCAGAG","ACCAACG","9-3_2-2",1.13e+11,1.7e+11,374646772,73465807,73115323,17935,57873,2e-04,8e-04,0,0,0,0,0.112042849962995,0.00508434003315802,0.882872810003847,0,0.117127189996153,20797065,NA,NA,NA,NA,NA
"Ua032","905085",FALSE,"ERS6955165","Ursus","arctos","NRM","1985.00",1990,NA,NA,"Female",NA,"Sweden","Jamtland","Stromsund",NA,"Röström","Tåsjö",NA,NA,NA,NA,"Bear","30.08.2018","2018.08","9-B32","21/09/2018","9","3","11.9",76,"21/11/2018","8",2e+09,"ATCGATT","GTCATAC","05/12/2018","2",18,8,15,"opt buffer","TGCAGAG","ACCAACG","1-10_2-2",4.86e+10,7.3e+10,178760732,34917588,30336065,3756956,1394,0.1076,0,0.012557060005766,0.00795328999759701,0.6415973899654,0,0.0704070300115341,0.010240760039886,0.257244469979817,0.020510350003363,0.72224518001682,10431258,NA,NA,NA,NA,NA
"Ua033","582929",FALSE,"ERS6955166","Ursus","arctos","NRM","1950.70",1956,NA,NA,"unknown",NA,"Sweden","Dalarna","Dalarna_unknown",NA,"Dalarna",NA,NA,NA,NA,NA,"Bear","06.08.2017","2017.08","9-B33","21/09/2018","9","4","2.02",77,"21/11/2018","8",11700000,"CAGTCAA","TAGCACG","06/12/2018","3",18,10,15,"opt buffer","TCTCCAT","CGCCTCT","2-11_6-6",6.06e+09,9.09e+09,23180692,4438997,3144633,431116,461,0.0971,1e-04,0.0264645002657501,0,0.510255185126629,4.80999951900005e-06,0.0919986609318083,0.0232831902561381,0.347993653420155,0.0264645002657501,0.625541846314094,1080609,NA,NA,NA,NA,NA
"Ua035","895070",FALSE,"ERS6955167","Ursus","arctos","NRM","1985.00",1989,NA,NA,"unknown",NA,"Sweden","Dalarna","Rattvik",NA,"Storejen, 5km E","Ore",NA,NA,NA,NA,"Bear","30.08.2018","2018.08","10-B35","27/09/2018","10","1","2.1",20,"17/10/2018","5",4.68e+08,"ATTGGCA","GCCAATG","06/12/2018","3",18,10,15,"opt buffer","ATCTTGC","CCGTTAG","8-6_5-5",6.11e+10,9.16e+10,270288096,40607082,40323964,217324,7189,0.0054,2e-04,0.0130520401129311,0,0.157018601462348,0,0.32528713327839,0.0347878303705122,0.469854394775819,0.0130520401129311,0.51709356511125,9129962,NA,NA,NA,NA,NA
"Ua037","805093",FALSE,"ERS6955168","Ursus","arctos","NRM","1970.85",1980,NA,NA,"unknown",NA,"Sweden","Dalarna","Alvdalen",NA,"Stortjärnhållan","Särna",NA,NA,NA,NA,"Bear","29.08.2018","2018.08","10-B37","27/09/2018","10","16","1.62",22,"17/10/2018","5",2.04e+08,"GTCATAC","ATTGGCA","06/12/2018","3",18,10,15,"opt buffer","ATCTTGC","CCGTTAG","10-8_5-5",3.87e+10,5.8e+10,133291484,25281473,25040254,41802,141122,0.0017,0.0056,0.011802589643904,0,0.35854675929742,0,0.289307511281176,0.00924119973905503,0.331101940038445,0.011802589643904,0.657095470317651,13473658,NA,NA,NA,NA,NA
"Ua042","905084",FALSE,"ERS6955169","Ursus","arctos","NRM","1985.00",1990,NA,NA,"Male",NA,"Sweden","Jamtland","Stromsund",NA,"Röström","Tåsjö",NA,NA,NA,NA,"Bear","30.08.2018","2018.08","10-B42","27/09/2018","10","1","0.419",81,"21/11/2018","8",74600000,"GCCAATG","AACGCTA","06/12/2018","3",18,10,15,"opt buffer","TCTCCAT","CGCCTCT","6-15_6-6",2.2e+10,3.31e+10,100453148,19032293,11803275,5972420,2194,0.3138,1e-04,0.0267480500408461,0.012624339983179,0.260344090041329,0,0.192339839959153,0,0.507943679975493,0.0393723900240251,0.452683930000482,2232186,NA,NA,NA,NA,NA
"Ua053","885248",FALSE,"ERS6955170","Ursus","arctos","NRM","1985.00",1988,NA,NA,"Female",NA,"Sweden","Jamtland","Stromsund",NA,"Harrsjön","Alanäs",NA,NA,NA,NA,"Bear","30.08.2018","2018.08","11-B53","03/10/2018","11","12","25.4",192,"28/11/2018","11",1.91e+09,"ATCGATT","AACGCTA","05/12/2018","2",18,8,15,"opt buffer","TGCAGAG","ACCAACG","1-15_2-2",5040000,7560000,307083288,56853543,48266349,7681942,3104,0.1351,1e-04,0,0,0.447301644382239,0,0.210553122136095,0.0643615706002202,0.277783662881446,0,0.722216337118554,27153977,NA,NA,NA,NA,NA
"Ua054","587901",FALSE,"ERS6955171","Ursus","arctos","NRM","1950.70",1967,NA,NA,"unknown",NA,"Sweden","Jamtland","Ragunda",NA,"Tjäderbrännan","Ragunda",NA,NA,NA,NA,"Bear","15.08.2017","2017.08","11-B54","03/10/2018","11","1","2.08",193,"28/11/2018","11",239000,"CAGTCAA","AACGCTA","09/12/2018","4",18,10,15,"opt buffer","AGTTGGT","TGGACGT","2-15_9-9",1.11e+08,1.66e+08,319588,62966,62940,15,1,2e-04,0,0.0312943596861232,0.00510177994250703,0.450986675502669,0,0.193929678098099,0.140213368420781,0.178474138349821,0.0363961396286302,0.785129722021549,20344,NA,NA,NA,NA,NA
"Ua055","835160",FALSE,"ERS6955172","Ursus","arctos","NRM","1970.85",1983,NA,NA,"Male",NA,"Sweden","Dalarna","Malung-Salen",NA,"Gravberget","Malung",NA,NA,NA,NA,"Bear","29.08.2018","2018.08","12-B55","11/10/2018","12","1","0.098",195,"28/11/2018","11",1690000,"TGACTGG","CAATTGC","09/12/2018","4",18,10,15,"opt buffer","AGTTGGT","TGGACGT","4-5_9-9",1.38e+09,2.07e+09,5931900,805492,791255,1247,9536,0.0015,0.0118,0.0194242805656201,9.61e-06,0.215075216447692,0,0.136820604112643,0.00735739026382703,0.621312898610218,0.0194338905656201,0.359253210824162,382299,NA,NA,NA,NA,NA
"Ua061","775080",FALSE,"ERS6955173","Ursus","arctos","NRM","1970.85",1977,NA,NA,"unknown",NA,"Sweden","Jamtland","Stromsund",NA,"Lövviksberget","Tåsjö",NA,NA,NA,NA,"Bear","29.08.2018","2018.08","12-B61","11/10/2018","12","3","0.164",160,"26/11/2018","10",1.6e+09,"ATTGGCA","ACTGCGT","05/12/2018","2",18,8,15,"opt buffer","TGCAGAG","ACCAACG","8-12_2-2",9.14e+10,1.37e+11,345557400,66721497,49771350,9131261,3351,0.1369,1e-04,0,0,0.361675229923592,0,0.0909222000696804,0.0797395300365213,0.467663039970206,0,0.532336960029794,23889600,NA,NA,NA,NA,NA
"Ua063","587707",FALSE,"ERS6955174","Ursus","arctos","NRM","1950.70",1966,NA,NA,"Male",NA,"Sweden","Norrbotten","Pajala",NA,"Pajala,60 km N,Parkajoki","Muonionalusta",NA,NA,NA,NA,"Bear","15.08.2017","2017.08","12-B63","11/10/2018","12","46","3.06",162,"26/11/2018","10",4.32e+08,"GTCATAC","TTACAGT","09/12/2018","4",18,10,15,"opt buffer","TTCGAGC","GGCGGAG","10-14_8-8",1.56e+11,2.33e+11,303866176,56395288,44661415,3554976,31745,0.063,6e-04,0.0234562000403661,0,0.596006550041812,0,0.0701186799375264,0.00724207004565204,0.303176499934644,0.0234562000403661,0.67336730002499,21112789,NA,NA,NA,NA,NA
"Ua065","905093",FALSE,"ERS6955175","Ursus","arctos","NRM","1985.00",1990,NA,NA,"Female",NA,"Sweden","Gavleborg","Ovanakers",NA,"Bursjöberget","Ovanåker",NA,NA,NA,NA,"Bear","30.08.2018","2018.08","13-B65","12/10/2018","13","5","0.571",232,"29/11/2018","12",3e+06,"GGTATCG","ACTGCGT","03/12/2018","1",16,10,15,"excess buffer","ACCTAGG","AGATGGC","13-12_3-3",9.86e+08,1.48e+09,6194776,1237777,1204918,16702,130,0.0135,1e-04,0.0477581999841411,2.883e-05,0.0771637299908692,0,0.294588890086502,0.190802039962035,0.389658309976453,0.0477870299841411,0.562554660039406,383485,NA,NA,NA,NA,NA
"Ua071","875239",FALSE,"ERS6955176","Ursus","arctos","NRM","1985.00",1987,NA,NA,"Male",NA,"Sweden","Dalarna","Alvdalen",NA,"Bössbo, 1.5 km W","Älvdalen",NA,NA,NA,NA,"Bear","29.08.2018","2018.08","13-B71","12/10/2018","13","23","0.773",235,"29/11/2018","12",12600000,"ATCGATT","AACGCTA","03/12/2018","1",16,10,15,"excess buffer","ACCTAGG","AGATGGC","1-15_3-3",3.35e+09,5.03e+09,28465356,5421189,1507189,1260267,6259,0.2325,0.0012,0.0234129593017431,0,0.716507278471818,0,0.0975010670623285,0,0.162578695164111,0.0234129593017431,0.814008345534147,618346,NA,NA,NA,NA,NA
"Ua075","885248",FALSE,"ERS6955177","Ursus","arctos","NRM","1985.00",1988,NA,NA,"Female",NA,"Sweden","Jamtland","Stromsund",NA,"Harrsjön","Alanäs",NA,NA,NA,NA,"Bear","30.08.2018","2018.08","14-B75","16/10/2018","14","4","4.05",131,"22/11/2018","9",1.09e+09,"AACGCTA","CAATTGC","05/12/2018","2",18,8,15,"opt buffer","TGCAGAG","ACCAACG","15-5_2-2",4.37e+10,6.55e+10,174836624,31428998,31206144,184753,1563,0.0059,0,0,0,0.014210190178288,0,0.312336003080398,0.496318904941612,0.177134901799702,0,0.822865098200298,17512996,NA,NA,NA,NA,NA
"Ua082","583126",FALSE,"ERS6955178","Ursus","arctos","NRM","pre1950",1939,NA,NA,"Male",NA,"Sweden","Vasterbotten","Vilhelmina",NA,"Vilhelmina, Vilhelmina (s:n)","Vilhelmina",NA,NA,NA,NA,"Bear","06.08.2017","2017.08","14-B82","16/10/2018","14","2","0.154",237,"29/11/2018","12",27800000,"TGACTGG","CAGTCAA","03/12/2018","1",16,10,15,"excess buffer","ACCTAGG","AGATGGC","4-2_3-3",8.96e+09,1.34e+10,46371564,7361695,7354879,1990,850,3e-04,1e-04,0.001321540018742,0,0.0434042909183521,0,0.38026815759383,4.81e-06,0.575001201469076,0.001321540018742,0.423677258512182,4318439,NA,NA,NA,NA,NA
"Ua100","775080",FALSE,"ERS6955179","Ursus","arctos","NRM","1970.85",1977,NA,NA,"unknown",NA,"Sweden","Jamtland","Stromsund",NA,"Lövviksberget","Tåsjö",NA,NA,NA,NA,"Bear","29.08.2018","2018.08","17-B100","13/11/2018","17","2","0.576",180,"26/11/2018","10",5.25e+08,"CAGTCAA","TTACAGT","09/12/2018","4",18,10,15,"opt buffer","TTCGAGC","GGCGGAG","2-14_8-8",3.54e+11,5.31e+11,701630636,127508897,71509651,29015881,13809,0.2276,1e-04,0,0,0.480018245553848,0,0.0442741186986391,0.0352299589845731,0.440477676762939,0,0.55952232323706,38882062,NA,NA,NA,NA,NA
"Ua101","995154",FALSE,"ERS6955180","Ursus","arctos","NRM","1985.00",1999,NA,NA,"Female",NA,"Sweden","Dalarna","Orsa",NA,"Noppikoski, Kvarnberget","Orsa",NA,NA,NA,NA,"Bear","07.11.2018","2018.11","17-B101","13/11/2018","17","3","0.463",181,"26/11/2018","10",53100000,"GCTAGCC","AACGCTA","09/12/2018","4",18,10,15,"opt buffer","TTCGAGC","GGCGGAG","3-15_8-8",2.92e+10,4.38e+10,118539404,21501553,21119488,315049,1937,0.0147,1e-04,0.0146282901739621,0.00457492996684103,0.15223221159258,0,0.680157616757176,0.0406362704430763,0.107770681066365,0.0192032201408031,0.873026098792832,9893527,NA,NA,NA,NA,NA
"Ua135","20125689",FALSE,"ERS6955181","Ursus","arctos","NRM","2000.20",2012,NA,NA,"Male",NA,"Sweden","Gavleborg","Bollnas",NA,"Bollnäs, Svartbo","Bollnäs",NA,NA,NA,NA,"Bear","08.11.2018","2018.11","21-B135","20/11/2018","21","1","15.3",250,"29/11/2018","12",2400000,"CAGTCAA","CAGTCAA","03/12/2018","1",16,10,15,"excess buffer","ACCTAGG","AGATGGC","2-2_3-3",2.41e+10,3.61e+10,165221612,33824130,33726641,57880,1124,0.0017,0,0,0,0.172694509950982,0,0.285001680074487,0,0.542303809974531,0,0.457696190025469,10490353,NA,NA,NA,NA,NA
